JD1,JD2,JD3,JD4,JD5,JD6,JD7,JD8,JD9,JD10,MI1,MI2,MI3,MI4,MI5,MI6,MI7,MI8,MI9,MI10,SR1,SR2,SR3,SR4,SR5,SR6,SR7,SR8,SR9,SR10,LD1,LD2,LD3,LD4,LD5,LD6,LD7,LD8,LD9,LD10,BS1,BS2,BS3,BS4,BS5,BS6,BS7,BS8,BS9,BS10,LNS1,LNS2,LNS3,LNS4,LNS5,LNS6,LNS7,LNS8,LNS9,LNS10,LNS11,Nback1,Nback2,Nback3,Nback4,Nback5,Nback6,Nback7,Nback8,Nback9,Nback10,Rspan1,Rspan2,Rspan3,Rspan4,Rspan5,Rspan6,Rspan7,Rspan8,Rspan9,Rspan10
464,324,616,1200,666,854,966,894,832,690,1.15,3.875,4,3.3,6,6,6,4.625,8,8,2,3.73,3.66,5.53,5.96,5.83,5.02,7.38,7.36,7.35,2.773585,3.301887,2.846154,6.0238095,5.213115,4.728261,7.294118,5.37037,5.755102,8.80851,1.5,1.88,2.17,2.22,2.17,2.22,2.17,2.25,2.14,2.1,1.51,1.62,1.71,2.11,2.24,2.24,2.24,2.28,2.24,2.1,,1.83,2.04,2.74,2.67,2.89,3.04,3.59,3.48,3.11,3.11,3.96,3.77,4.04,3.96,4.29,4.33,4.33,4.21,4.3,4.11
702,870,766,1654,1356,2330,706,1186,2454,.,1.434783,4,4,3.75,6,6,6,5,8,8,1.88,3.49,3.49,5.28,6.2,6.15,5.49,8.92,8.61,9.31,2.8125,3.960784,3.86,5.0232555,4.6595745,6.3113205,6.47191,6.583334,7.25,8.390244,,,,,,,,,,,1.94,2.36,2.2,2.18,2.23,2.27,2.17,2.25,2.23,2.32,,2.46,3.59,4.3,4.48,4.78,5.04,4.7,5.41,5.67,6.26,2.77,3.96,3.8,3.86,3.75,4.1,4.11,4.47,4.16,4.44
1310,1136,1070,1168,2224,1534,1556,1354,2866,.,1.052632,3.5,4,3.1071435,6,6,6,4,8,8,2.13,3.47,3.57,5.11,5.32,5.23,4.9,7.17,6.93,8.55,2.605634,3.296296,4.15625,5.7077925,5.0581395,3.9117645,6.689656,7.795918,7.853658,7.809524,1.94,2.39,2.36,2.34,2.39,,2.5,,2.5,2.38,1.78,2.2,2.22,1.51,1.89,2.3,2.28,2.32,2.27,2.24,,2.19,3,3.93,4.85,5.89,6.81,7.52,8.07,8.11,8.5,3.18,4.52,4.41,4.33,3.89,4.29,4.54,4.07,4.5,4.58
732,754,1572,646,926,778,2520,912,2410,.,1.238095,3.857143,4,3.3,6,6,6,4.4,8,8,1.89,3.18,3.1,4.42,4.25,4.7,4.69,6.91,6.74,5.84,2.506667,4.162791,1.918367,5.492958,6.3611115,4.1896545,7.117648,5.034482,9.87234,6.923076,1.52,2.04,2.17,2.22,2.17,,1.99,2.17,2.12,,1.31,1.47,1.48,1.49,1.6,1.65,1.71,1.65,1.56,1.53,,1.75,1.44,2.15,1.78,2.41,2.63,2.5,2.59,2.81,2.7,3.06,3.4,3.66,3.54,3.4,3.72,3.69,3.72,3.69,3.72
820,764,874,848,800,2430,1286,1184,2074,.,1.318182,4,4,3.6176475,6,6,6,5,8,8,2.13,3.55,3.82,5.81,6.3,6.16,5.15,7.95,8.46,8.58,2.727273,3.454545,3.194444,4.7647065,4.728261,6.4024395,6.7,6.80851,7.627906,8.777778,,,,,,,,,,,1.62,2.02,2.25,2.31,2.28,2.38,2.27,2.53,2.42,2.32,,2.71,4.07,5.15,6.33,7.37,7.78,8.3,8.5,8.6,8.5,3.11,4.36,4.58,4.43,4.7,4.74,4.7,4.48,4.63,4.73
712,698,1350,850,920,2690,1398,2034,.,.,1.238095,4,4,3.6176475,6,6,6,4.82353,8,8,2.02,3.23,3.61,5.29,5.96,6.17,5.08,7.89,8.06,9.12,2.536232,3.116279,4,5.732877,5.2211535,4.959183,7.444444,6.77551,5.829788,9.888888,1.93,2.38,2.39,2.41,2.41,2.41,2.41,2.38,2.34,2.31,1.55,2.01,2.12,2.12,2.22,2.25,2.29,2.28,2.34,2.34,,2.29,3.52,4.19,5.11,5.74,6.37,7.11,7.41,7.7,7.93,3.03,3.86,4.45,4.16,4.53,3.86,4.5,3.93,4.23,4.5
640,1008,920,2030,1132,1186,2678,1960,712,.,1.238095,3.888889,4,3.6176475,6,6,6,4.625,8,8,1.84,3.15,3.14,5.22,6.81,8.13,4.18,5.08,6.86,7.27,2.638889,2.2,2.777778,5.414634,3.7258065,6.3250005,6.551724,4.222222,6.738462,4.123076,1.89,2.32,2.38,2.36,2.39,2.46,2.38,2.19,2.19,2.31,1.47,1.6,1.54,1.64,1.65,2.04,1.62,1.89,2.11,2.12,,2.13,3.37,3.59,3.67,4.11,3.93,3.22,3.38,3.44,3.63,2.66,3.33,3.66,3.43,3.66,4,3.66,3.73,3.69,3.92
726,746,774,796,2254,1032,1144,1832,.,.,1.052632,3.666667,4,3.46875,6,6,6,4.625,8,8,1.91,3.35,3.7,6,5.92,5.52,4.95,5.95,6.71,7.22,2.647059,3.906977,3.771429,3.8181825,6.305556,4.2155175,6.463414,5.428572,8.666666,6.36,1.89,2.25,2.25,2.28,2.22,2.22,2.25,2.25,2.34,2.34,1.24,1.85,2.2,2.2,2.18,2.24,2.22,2.2,2.23,2.2,,2,2.41,3.78,4.04,3.37,3.3,3.81,4.15,4.11,4.44,3.15,4.29,4.66,4.58,4.58,4.71,4.81,4.54,4.81,4.77
802,860,970,882,928,2386,1172,1152,784,.,1.318182,4,4,3.6176475,6,6,6,4.625,8,8,2.16,4.03,4.05,6.18,6.77,6.92,4.98,8.23,9.47,9.1,2.666667,2.54,4.125,4.9464285,4.836735,5.8695645,6.363636,7,8.586666,,1.93,2.28,2.34,2.33,2.46,2.54,2.41,2.44,2.36,2.38,1.89,2.36,2.4,2.45,2.51,2.47,2.42,2.44,2.47,2.45,,2.46,3.25,4.08,4.37,4.74,5.26,5.48,6.04,6.56,6.63,2.85,4.8,4.5,4.7,4.59,4.83,4.83,4.9,4.66,5.03
638,820,1688,960,2106,970,1372,2502,1390,.,1.318182,4,4,3.75,6,6,6,5.157894,8,8,1.79,3.21,3.71,5.36,5.77,5.88,5.25,8.29,7.68,8.46,2.222222,3.604651,2.84375,4.8888885,4.7142855,6.6375,6.658536,6.928572,7.74468,7.791666,1.88,2.32,2.32,2.31,2.28,2.28,2.28,2.31,2.39,2.34,1.43,1.65,1.69,2.15,2.24,2.22,2.22,2.25,2.3,2.36,,2.52,3.41,3.59,4.52,5.63,6.74,7.59,8.33,8.14,8.22,2.79,3.89,4,4.41,4.11,4.4,4.3,4.06,4.56,4.66
628,472,1172,586,1090,1418,798,1524,1366,.,1.05,3.428571,4,3.3,6,6,6,4.625,8,8,1.82,3.39,3.42,4.29,4.47,4.76,4.4,5.96,5.76,5.82,2.5,5,4.870968,5.2000005,6.5816325,4.6052625,7.2,4.984126,9.829788,5.066666,1.48,1.77,2.05,2.08,1.89,2.08,2.08,1.62,1.99,2.13,1.4,1.46,1.51,1.53,1.5,1.47,1.5,1.57,1.51,1.48,,2.21,2.89,2.89,2.41,2.26,2.74,3,2.93,2.81,2.96,2.63,3.06,3.33,3.18,3.73,3.16,3.09,3.06,3.07,3.33
676,764,886,740,1744,736,1526,978,2098,.,1.052632,3.571429,4,3.46875,6,6,6,4.82353,8,8,1.89,3.55,3.63,5.3,5.17,5.45,5,7.63,8.09,7.27,2.698113,3.97619,5.62069,5.2999995,4.6333335,4.117647,7.405406,5.884616,7.020408,8.292682,1.52,1.75,2.1,2.17,2.19,2.19,2.14,2.28,2.25,2.28,1.5,1.68,1.6,1.67,1.64,1.76,2.11,2.27,2.24,2.22,,2.29,2.63,3.22,3.33,3.48,3.63,3.63,3.96,3.67,3.04,2.83,3.95,4.12,4.04,4.26,4,3.96,4,4.36,4.29
1670,858,584,512,1572,920,1256,526,632,1562,1.052632,3.571429,4,3.46875,6,6,6,4.82353,8,8,1.86,,2.91,3.99,4.53,6.41,4.64,8.52,7.48,6.44,3.270833,3.028571,2.028571,5.059701,7.3928565,3.6818175,7.864406,8.181818,5,9.67347,1.93,2.29,2.22,2.25,2.28,2.25,2.18,2.34,2.22,2.25,1.51,1.95,2.18,2.1,1.67,1.66,1.72,1.68,1.63,2,,2.57,3.22,3.67,4.7,5.92,5.96,6.41,6.85,7.11,7.74,2.96,3.66,3.23,3.69,3.92,4,3.83,3.77,3.7,3.95
546,742,588,1512,998,788,1302,1810,.,.,1.238095,3.857143,4,3.1764705,6,6,6,4.266666,8,8,1.92,2.68,3.21,3.75,4.26,4.2,4.16,5.28,5.62,5.41,2.693333,4.657143,3.807692,5.8790325,4.1301375,4.303278,6.612904,6,5,4.086956,1.91,2.25,2.25,2.14,2.09,2.19,2.16,2.19,2.19,2.16,1.57,1.64,1.59,1.97,1.72,1.64,1.65,1.67,1.86,,,1.21,1.25,1.78,1.3,1.58,1.5,2.13,1.79,1.76,1.67,2.66,3.53,3.37,3.03,2.96,3.13,3.06,3.73,3.03,3.48
600,588,1500,684,806,2230,866,768,1206,.,1.238095,3.777778,4,3.46875,6,6,.,4.82353,8,8,1.88,2.94,3.31,4.83,5.11,5.33,4.61,6.71,7.17,7,2.909091,2.923077,2.757576,5.625,4.1484375,.,6.972222,8.095238,7.209302,8.266666,1.86,2.25,2.22,2.19,2.28,2.19,2.22,2.22,2.17,2.07,1.42,1.73,2.11,2.14,1.94,2.28,2.31,2.22,2.18,2.18,,,,,,,,,,,,2.79,3.74,3.83,,3.95,3.85,4,4.08,4.08,3.92
536,654,802,1224,658,976,2096,1062,1128,.,1.238095,3.857143,4,3.6176475,6,6,6,5,8,8,2.02,3.46,3.56,4.83,5.79,6.04,5.1,6.91,7.74,7.88,2.462687,3.536585,3.133333,5.7857145,5.2258065,6.030612,6.636364,6.09756,6.842106,9.272728,1.88,2.09,2.13,2.15,2.22,2.28,2.47,2.28,2.25,2.23,1.6,1.62,1.56,2.04,2.2,2.26,2.25,2.27,2.22,2.27,,2.38,2.89,3.19,3.11,3,2.89,3.26,3,2.89,3,2.86,4.07,3.7,3.75,3.78,4,3.96,4.16,3.71,4.52
1056,964,852,846,2792,1082,1738,2604,1774,.,1.238095,3.888889,4,3.8684205,6,6,6,5.157894,8,8,2.26,4.5,4.24,7.95,6.7,7.58,5.24,8.77,8.3,8.59,2.590909,3.729167,2.775,4.9044945,5.5624995,4.8818175,6.4,6.416666,7.526316,7.833334,2.07,2.54,2.44,2.59,2.53,2.56,2.57,2.53,2.56,2.53,1.84,2.44,2.4,2.42,2.45,2.45,2.4,2.49,2.45,2.4,,3.17,5.19,6.67,6.85,6.52,6,6.15,6.52,7.04,7.15,3.4,4.33,4.48,4.4,4.54,4.57,4.56,4.4,4.63,5
1624,810,1436,1156,948,1012,1998,850,1182,1990,1.15,3.4,4,3.3,6,6,6,4.625,8,8,1.77,3.31,3.53,4.4,4.47,5.7,4.25,6,6.74,7.29,2.125,2.571429,2.78125,5.4527025,5.040984,6.594339,6.244444,5.058824,6.82353,7.836734,1.92,2.19,2.19,2.19,2.31,2.25,2.22,2.28,2.22,2.22,1.8,2.17,2.23,2.23,2.17,2.22,2.32,2.26,2.23,2.43,,2.33,2.54,2.44,2.93,2.92,3.07,2.96,2.93,2.7,2.7,2.55,3.37,3.44,4.4,3.96,4,3.8,4.12,4.33,4.21
848,966,1192,1114,1138,2214,1856,1612,2274,.,1.238095,3.857143,4,3.46875,6,6,6,4.625,8,8,1.93,3.38,3.45,5.44,7.23,8.06,4.9,9.83,10.43,9.07,2.597403,3.547619,2.72973,4.5,4.953489,5.8846155,6.48718,7.644444,7.95122,5.866666,2,2.34,2.46,2.44,2.46,2.43,2.63,2.5,2.39,2.44,1.76,2.57,2.51,2.6,2.51,2.63,2.72,2.71,2.73,2.53,,2.38,3.33,4.04,4.37,4.59,4.63,4.78,5.48,6.52,7.33,3.16,3.81,4.33,4.25,4.21,4,4.41,4.4,4.52,3.63
906,690,978,1624,936,1072,2456,1088,1718,.,1.318182,4,4,3.75,6,6,6,4.82353,8,8,1.95,3.17,3.61,5.27,5.29,5.8,5.14,7.32,7.78,8.1,2.8,3.787234,3.540541,4.7823525,4.827273,3.447369,6.35955,6.727272,4.777778,4.82353,2.25,2.31,2.31,2.19,2.38,2.41,2.47,2.31,2.43,,1.79,2.13,2.18,2.17,2.2,2.14,2.2,2.22,2.14,2.17,,2.42,3,4.04,4.85,5.11,5.74,5.67,5.96,6.11,6.19,3.13,4.36,3.89,4.26,4.52,4.59,4.6,4.33,4.52,4.52
674,450,1198,814,816,2464,1234,820,2004,.,1.15,3.857143,4,3.46875,6,6,6,4.625,8,8,1.93,3.28,3.33,4.82,5.06,4.89,4.84,7.53,6.86,6.36,2.54321,4.073171,3.111111,5.14557,6.2777775,5.6388885,7.461538,6.677966,6.440678,8.210526,1.55,2.08,2.32,2.1,2.14,2.17,2.19,2.14,2.19,,1.42,1.54,1.6,1.61,1.54,1.6,1.64,1.63,1.61,1.6,,2.08,2.21,2.89,3.33,3.59,3.59,3.63,3.67,3.74,3.67,2.74,3.2,3.24,3.89,3.85,3.6,3.73,3.7,3.8,3.83
736,728,1432,770,1322,2030,1032,858,1670,.,1.1,3.75,4,3.6176475,6,6,6,4.625,8,8,2,3.26,3.48,4.91,5.25,5.42,4.95,7.47,7.41,7.75,2.876923,2.948276,2.74359,4.7823525,5.7980775,3.6,6.868422,4.816326,7.918368,6.97561,1.92,2.28,2.31,2.38,2.34,2.36,2.41,2.41,2.33,2.31,1.55,2.04,2.23,2.23,2.28,2.28,2.32,2.26,2.26,2.23,,2.67,3.59,4.26,4.52,5.11,6.26,7.63,7.3,8.33,8.33,3,3.57,3.76,3.72,3.6,4,4.06,3.96,4.45,3.63
944,1084,1192,1070,1800,1422,1406,1206,2716,.,1.318182,4,4,3.6176475,6,6,6,4.82353,8,8,1.98,3.91,3.68,6.44,6.28,6.7,4.87,9.75,9.93,9.71,2.602941,3.627451,2.84,5.3961045,4.071429,5.4473685,6.18919,4.765958,5.897436,8.428572,1.82,2.31,2.31,2.38,2.39,2.43,2.38,2.38,2.38,2.34,1.87,2.2,2.16,2.27,2.22,2.27,2.42,2.24,2.31,2.25,,2.29,2.96,3.41,4.59,5.7,7.79,6.33,6.44,6.96,7.41,3.03,4.33,4.55,4.53,4.74,4.66,4.56,4.55,4.6,4.5
872,654,754,902,1922,1022,1160,934,2288,.,1.238095,4,4,3.8684205,6,6,.,5.157894,8,8,2.03,4.11,3.63,5.83,5.84,6.53,5.49,8.86,9.49,9.03,2.536232,3.204545,.,4.7556825,5.478261,5.6428575,6.470588,7.72549,8.90909,6.976744,1.98,1.95,2.28,2.44,2.44,2.44,2.44,2.41,2.41,2.5,1.8,2.23,2.21,2.31,2.27,2.34,2.37,2.34,2.32,2.32,,2.26,2.78,2.89,3.07,3.93,5.19,6.37,7.74,8.44,8.33,3.13,4.5,4.13,4.36,4.56,4.22,4.63,4.48,4.66,4.43
862,830,950,1638,886,1514,1224,2940,1710,.,1.318182,4,4,3.6176475,6,6,6,6.137932,8,.,1.93,3.71,3.53,5.19,4.9,6.1,5,7.62,7.92,8.19,2.740741,3.891304,3.878049,5.1325305,6.0818175,5.6320755,7.238096,4.980392,8.695652,8.977778,1.88,2.28,2.31,2.33,2.25,2.36,2.33,2.42,2.36,2.39,1.39,1.51,1.61,1.76,1.7,1.81,2.25,2.58,2.53,2.51,,2.04,2.85,3.07,3.67,4,4.11,4.67,5.07,5.41,5.67,2.78,3.81,3.89,3.89,3.86,3.96,3.96,3.83,4.33,4.48
904,840,736,950,1560,990,862,1840,852,.,1,3.5,4,3.6176475,6,6,6,4.82353,8,8,4.07,1.91,3.52,5.86,5.71,5.56,4.85,8.77,9.44,8.56,3.861111,3.08046,.,5.574627,5.28,4.694445,7.057142,6.867924,7.071428,8.578948,1.88,2.39,2.33,2.25,2.32,2.42,2.36,2.38,,,1.74,2.23,2.28,2.29,2.31,2.27,2.26,2.35,2.24,2.29,,2.5,3.46,3.67,4.3,5.15,5.63,6.89,8.07,8.38,8.19,3,3.95,4.48,4.46,4.54,4.4,4.71,4.54,4.29,4.66
1018,900,1208,1180,1140,1374,1432,3270,.,.,1.238095,3.928571,.,3.46875,6,6,6,4.625,8,8,1.86,3.22,3.44,5.13,5.33,5.41,4.81,6.09,8.27,6.3,2.8,3.244444,3.190476,4.841772,5.3936175,6.397059,6.455696,6.52381,5.787234,8.913044,1.83,2.21,2.28,2.28,2.18,2.32,2.22,2.28,2.22,2.22,1.46,1.2,1.47,1.54,1.53,1.6,1.58,1.63,1.69,1.6,1.63,2.71,3.81,4.04,4.15,4.42,5.44,6.22,6.3,6.56,6.81,2.92,3.96,4.18,4.33,4.51,4.59,4.44,4.42,3.92,4.4
354,480,1056,520,620,1544,460,574,602,.,1.052632,3.6,4,3.1071435,6,6,6,4.625,8,8,1.95,3.09,3.53,4.97,5.06,4.58,4.69,6.97,7.41,6.73,2.786885,3.960784,3.355556,5.260563,5.3749995,4.0666665,6.285714,5.10204,9.268292,10.342858,1.4,1.6,1.98,2.05,1.9,1.61,1.66,1.66,1.64,,1.47,1.95,2.16,2.16,1.73,1.82,2.18,2.22,2.24,2.28,,1.19,1.71,2.05,2.29,2.79,2.95,3.46,3.33,3.17,3.25,2.75,3.96,4.4,4.5,4.4,4.43,4.5,4,4.5,4.25
874,1240,1096,1126,1074,1106,1326,2866,1674,.,1.227273,4,4,3.6176475,6,6,6,4.588236,8,8,1.95,3,3.47,4.57,5.38,5.35,4.3,7.46,8.83,8.48,2.285714,3.692308,3.029412,5.0930235,5.85,4.0875,6.731708,7.121952,8.487804,7.18919,2,2.31,2.38,2.38,2.31,2.25,2.34,2.44,2.31,2.44,1.49,1.6,2.03,2.04,1.8,2.05,2.14,2.14,2.11,2.11,,1.96,3.71,3.42,4.04,5.3,6.52,6.93,7,7.33,8.11,2.85,3.83,4.5,4.26,4.33,4.13,4.45,4.36,4.48,4.22
1022,718,836,1726,1130,1244,1288,1130,2182,.,1.15,3.75,4,3.3,6,6,6,4.4,8,8,3.59,1.89,3.68,5.31,5.53,5.81,4.72,7.51,8.4,7.94,3.468085,2.722222,.,5.4485295,4.817307,6.4999995,6.75,6.095238,9.268292,8.75,1.96,2.21,2.29,2.28,2.31,2.38,2.28,2.34,2.31,2.38,1.47,1.65,2.08,2.1,2.22,2.16,2.23,2.15,2.09,2.18,,1.5,2.42,3.48,4.41,5.93,6.96,7.33,7.78,8.3,8.5,3.16,3.76,3.92,3.76,4.29,4.43,3.83,3.9,4.38,4.39
742,584,618,1488,926,2016,1202,650,676,2256,1.15,3.857143,4,3.46875,6,6,6,4.82353,8,8,1.98,3.42,3.57,5.18,5.18,5.44,5.13,6.77,6.57,6.86,2.606557,3.581395,2.794118,5.6200005,4.7142855,6.1315785,6.541176,5.787234,5.777778,6.586206,1.77,2.12,2.19,2.25,2.25,2.08,2.12,2.1,2.13,2.28,1.85,2.35,2.4,2.4,2.35,2.32,2.35,2.35,2.44,2.38,,2.33,2.81,2.96,3.56,3.96,4.44,5.19,5.67,6.15,6.15,3.11,4.4,4.56,4.4,3.92,4.6,4.43,4.45,3.96,4.59
1702,702,828,858,2272,970,834,2244,.,.,1.052632,3.666667,4,3.1071435,6,6,6,4.625,8,8,1.75,3.38,3.6,4.47,4.87,5.25,4.88,7.07,6.59,8.18,2.730769,3.6,3.027027,5.351352,4.372881,4.035714,7.555556,5.784616,9.571428,6.791666,,,,,,,,,,,1.67,2.29,2.24,2.2,2.33,2.33,2.36,2.38,2.38,2.43,,2.41,3.7,4.29,4.07,3.67,3.85,4.37,4.7,4.85,5.07,3.14,3.83,4,3.7,4.33,3.83,4.29,3.92,4.07,4.33
622,556,764,1222,936,844,726,1612,714,.,0.947368,3.333333,4,3,6,6,6,4.142858,8,8,1.81,2.76,2.77,4.4,4.66,4.78,4.32,5.45,6.76,5.46,2.711538,3.6,2.514286,6.4636365,6.5181825,6.5510205,6.891892,6.862068,6.09091,8.488888,1.64,1.98,2.13,2.16,2.31,2.25,2.25,2.25,2.13,2.19,1.47,1.93,2.15,2.16,2.2,2.22,2.24,2.27,2.31,2.32,,2.29,2.67,2.86,2.93,3.46,3.74,3.96,4.71,5.7,6.33,2.66,3.9,3.71,3.79,3.7,4.14,4.37,4.08,4,3.81
834,730,792,594,708,1680,844,1998,1048,.,1.1,3.4,4,3.1000005,6,6,6,4.142858,8,8,1.55,2.6,3.22,4.35,4.98,4.24,4.27,5.36,5.62,6.3,2.014706,3.27907,3.1,5.3599995,4.7264145,6.1636365,6.944444,8.034482,5.927272,8.938776,1.88,2.16,2.15,2.22,2.28,2.28,2.25,2.28,2.18,,1.33,1.57,1.78,1.68,1.91,2.1,2.12,2.05,2.15,2.09,,1.29,1.54,3.04,3.33,3.37,3.07,2.93,3.11,3.26,3.59,2.37,2.93,3.12,3.4,3.4,3.7,3.66,3.69,3.73,4.03
798,698,1902,804,1192,2622,574,1112,2056,.,1.15,3.714286,4,3.3,6,6,6,4.82353,8,8,1.91,3.42,3.7,5.11,4.9,5.3,4.76,6.41,6.36,6.49,2.5,3.148936,3.633333,5.333334,5.016393,4.5491805,6.898876,6.875,6.436364,9.688888,1.89,2.31,2.28,2.31,2.28,2.28,2.36,2.5,2.41,2.44,1.65,2.09,2.25,2.31,2.4,2.38,2.38,2.35,2.37,2.46,,1.96,2.41,2.74,3.07,3.19,3.59,3.63,2.74,2.81,3.89,2.96,4.16,4.3,4.3,4.43,4.43,4.23,4.26,4.44,4.5
820,858,702,1476,782,890,1034,1042,1690,.,1.052632,3.333333,4,3,5.5000005,6,6,4.142858,8,8,1.67,2.42,3.38,4.03,3.98,4.36,4.13,6.05,4.64,5.37,2.943396,3.02,3.347826,5.136987,3.3829785,3.2844825,5.394736,6.037736,7.153846,3.768116,1.71,2.25,2.19,2.19,1.88,1.84,1.3,1.84,2.13,2.17,1.38,1.6,1.58,1.53,1.43,1.63,1.75,1.47,1.8,1.4,,1.19,1.71,2.33,1.19,1,1,1,1,1,1,2.92,4,3.22,3.85,3.66,3.22,3.83,3.18,2.93,3.46
942,744,962,876,724,2680,1444,1002,1442,.,1.318182,4,4,3.6176475,6,6,6,4.82353,8,8,1.98,3.64,3.81,6.39,5.58,5.88,5,8.52,8.54,8.65,2.538462,3.767442,3.068966,4.5740745,4.4711535,7.038462,6.5,6.307692,9.8,8.631578,2,2.31,,2.34,2.38,,2.28,2.41,,2.34,1.74,2.23,2.27,2.38,2.56,2.38,2.33,2.33,2.4,2.51,,1.5,2.42,3.59,5.19,6.15,6.48,6.81,7.11,7.81,8.56,3.13,4.33,3.66,4.13,4.15,4.5,4.52,4.5,4.48,4.43
738,594,702,1460,1032,1102,848,752,1874,.,1.052632,3.571429,4,3.3,6,6,6,4.625,8,8,1.89,3.29,3.68,5.2,6.2,6.94,5.13,8.06,7.96,8.65,2.824561,2.030303,2.121212,5.2592595,3.545454,7.02,4.673684,4.680852,8.121212,4.275862,1.6,2.13,2.19,,,2.13,,2.15,2.22,2.31,1.55,1.9,2.22,2.15,2.23,2.22,2.14,2.27,2.3,2.29,,1.17,1.15,2,2.33,2.78,2.67,2.63,3.07,4.07,5.15,2.96,3.92,3.96,4.11,3.92,4.22,4,4.09,4.2,3.87
710,732,684,744,1410,968,736,2062,.,.,1.15,3.666667,4,3.46875,6,6,6,4.4,8,.,1.7,2.71,3.25,4.1,3.2,4.35,5.25,4.94,5.89,6.13,2.142857,3.744186,3.448276,6.3113205,4.8344595,.,5.583334,7.772728,6.227272,8.40909,1.73,2.04,2.16,2.25,2.28,2.31,2.31,2.32,2.34,,1.43,1.41,1.55,1.63,1.66,1.89,1.63,1.6,1.56,1.73,,1.95,2.22,1.15,1,2.33,3.04,3.19,,,,2.67,3.63,3.37,3.48,3.74,3.7,3.33,3.69,3.62,3.36
954,722,1486,778,2464,794,1110,1008,294,.,1.238095,3.857143,4,3.1875,6,6,6,5,8,8,1.82,3.25,3.64,4.97,5.23,5.23,4.64,6.53,6.67,5.96,2.619718,3.647059,3.21875,5.52,4.361538,5.7321435,6.150538,5.323076,8.08,8.526316,1.92,2.25,2.28,2.2,2.28,2.36,2.39,2.34,2.33,2.36,1.77,2.48,2.57,2.5,2.51,2.67,2.78,3.12,3.18,3.12,,1.94,2.5,3.41,4.67,5.74,7.19,7.85,8.39,8.52,8.33,3.74,4.03,4.1,3.81,4.33,3.83,4.51,4.46,4.2,4.36
948,1934,866,1426,1414,1560,1224,1290,.,.,1.15,3.6,4,3.3,6,6,6,4.625,8,8,1.69,2.05,4.91,3.59,4.58,4.7,3.96,5.83,6.59,6.7,2.515625,3.4,3.063291,5.7,4.595745,5.288136,5.069768,9.04,5.73077,6.333334,,,,,,,,,,,1.87,2.28,2.44,2.44,2.36,2.4,2.34,2.42,2.33,2.35,,2.86,3.7,4.44,4.37,4.63,4.78,6.07,7.11,7.33,6.74,2.92,4.07,4,3.78,3.66,4.22,4.52,3.37,3.85,3.83
766,812,872,854,816,1196,2568,1320,2048,.,1.238095,3.833333,4,3.46875,6,6,6,4.82353,8,8,1.93,3.53,3.56,4.93,6.12,5.21,4.62,7.14,8.43,8.48,2.536232,2.953488,4.178571,5.024097,3.792453,7.0000005,6.469136,6.12,7.24,9.028572,2.03,2.32,2.47,2.41,2.5,2.5,,2.47,2.5,2.44,1.89,2.26,2.33,2.3,2.26,2.28,2.28,2.38,2.4,2.31,,1.9,2,2.52,2.96,3.22,3.04,3.3,3.37,3.81,4.44,3.18,3.85,4.4,4.22,4.4,4.58,4.42,4.3,4.44,4.33
892,872,792,666,554,1988,1210,1108,1964,.,0.95,3.571429,4,3.6176475,6,6,6,4.82353,8,8,1.97,3.34,3.6,5.31,5.27,5.23,4.83,6.89,6.82,7.5,2.676923,3.179104,3.3375,4.916667,6.272727,3.7333335,6.522728,3.967214,5.107142,7.37255,2,2.33,2.28,2.42,2.33,2.54,2.6,2.5,2.38,2.42,1.78,2.6,2.63,2.63,2.83,3.23,3.33,3.44,3.4,3.33,,2.44,2.88,3.38,4.43,5.13,5.44,5.96,6.15,6,6.41,3.9,3.74,4,4.09,4.04,4.25,3.9,4.09,4.5,4.33
874,782,736,918,1978,886,844,2594,1858,.,1.318182,4,4,3.6176475,6,6,6,4.82353,8,8,1.93,3.09,3.37,4.88,5.42,5.5,4.67,6.16,7.17,7.03,2.625,3.425926,.,5.475903,4.906779,3.5084745,6.272728,7.148148,6.73077,6.698412,1.89,2.31,2.34,2.31,2.31,2.33,2.28,2.31,2.39,2.39,1.5,1.9,2.09,2.22,2.4,2.49,2.49,2.48,2.53,2.51,,2.05,1.5,1.48,2.7,2.93,3.11,2.96,2.89,2.89,3.7,2.67,3.76,3.5,3.62,3.4,3.77,3.7,3.96,3.85,3.87
1146,968,1856,894,1492,1292,1306,1230,1192,2504,0.826087,2.875,4,3.46875,6,6,6,4.352942,8,8,1.79,2.74,3.07,4.1,5.05,4.14,4.25,5.75,7,5.96,2.283333,3.090909,2.527778,4.6071435,5.492307,3.785715,7.253334,5.410256,6.246154,,1.95,2.18,2.33,2.22,2.31,2.34,2.25,2.33,2.38,,1.46,1.93,2,2.15,2.2,2.4,2.49,2.57,2.6,2.78,,,,,,,,,,,,2.58,2.96,3.11,3.77,3.36,3.8,3.48,3.69,3.83,3.85
1228,982,898,928,1070,1236,2512,1368,1754,.,1.15,3.714286,4,3.5294115,6,6,6,4.625,8,8,1.84,3.42,3.35,5.03,4.97,0,4.94,5.76,6.48,5.92,2.389831,4.257143,4.617647,5.1315795,4.194444,5.8333335,7.192308,6.928572,6.24,8.509804,1.95,2.31,2.42,2.34,2.43,2.5,2.39,2.38,2.38,2.39,1.68,2.22,2.23,2.34,2.26,2.18,2.27,2.33,2.35,2.23,,1.57,2.26,3.41,4.38,4.44,3.48,3.96,4.41,4.78,4.27,3.16,3.87,3.87,3.81,3.66,4.22,4.18,4,3.74,4.1
834,1044,1000,2128,1528,1160,2508,1342,2000,.,1.238095,3.875,4,3.5294115,6,6,6,4.82353,8,8,1.8,2.67,3.35,3.98,3.77,4.04,4.54,5.82,5.89,4,2.710526,3.6,2.410256,4.866666,3.5312505,2.7857145,7.61039,7.846154,7.396826,6.473684,2,2.19,2.18,2.15,2.33,2.05,2.17,2.2,2.28,2.31,1.52,1.76,2.14,2.18,2.16,2.17,2.29,2.05,1.36,,,1.88,1,1,1,1,1,1.56,1.78,1.15,1,2.87,3.66,4.56,4.48,3.66,4.29,4.3,4.48,4.26,4.81
1158,1324,2846,1314,1356,2932,1144,3354,2324,.,1.26087,3.875,4,3.6176475,6,6,6,4.82353,8,8,1.98,3.14,4.91,3.41,4.58,3.88,4.63,5.78,7.12,6.72,2.851852,2.654545,2.966292,6.4523805,5.491935,.,6.44186,7.222222,6.701754,6.979592,2.03,2.47,2.53,2.43,2.5,2.41,2.44,2.44,2.47,2.5,1.7,2.19,2.24,2.23,2.32,2.56,2.6,2.58,2.88,2.7,,2.04,2.04,3.7,4.3,5.11,6.26,7.19,7.41,7.3,7.56,2.37,3.92,4.3,4.2,4.26,4.37,4.59,3.9,4.6,4.5
548,624,604,1138,924,790,1314,690,1846,.,1.052632,3.4,4,3.46875,6,6,6,4.625,8,8,1.89,3.06,3.25,4.43,4.12,4.6,4.62,6.47,5.85,5.75,2.564516,3.355556,2.054054,5.297469,7.9999995,3.4928565,6.390244,7.551724,8.2,7.44,1.6,2.02,1.98,2.07,2.15,2.19,2.15,2.12,2.18,,1.34,1.46,1.49,1.52,1.61,1.51,1.8,2.14,2.2,2.12,,2.17,1.22,1,1.96,3,3.22,4.07,4.74,4.85,5.22,3.11,3.95,3.85,4.16,3.83,4.14,4.29,4.03,4.5,4.23
1102,954,1280,956,934,1044,2826,1142,2306,.,1.318182,4,4,3.6176475,6,6,6,5,8,8,1.88,2.65,3.35,4.68,5.19,5.62,4.97,7.4,8.41,11.33,2.753247,3.230769,4.305556,5.3963415,4.058823,5.765625,6.585366,9.371428,8.263158,7.238096,2,2.38,2.47,2.5,2.5,2.5,2.5,2.54,2.54,2.57,1.82,2.27,2.28,2.45,2.45,2.54,2.54,2.52,2.54,2.58,,2.19,3.19,4,4.37,4.74,5,5.19,5.48,5.52,6.15,2.78,3.73,3.69,3.85,4.16,4,4.03,4.03,4.11,4.48
576,584,582,634,1432,908,744,786,1436,.,0.894737,3,.,3.1000005,6,6,.,4.266666,6.666666,8,1.8,2.55,3.23,3.77,3.65,0,4.31,4.71,4.72,5.17,1.253165,2.257576,3.037037,4.88961,4.623288,5.5522395,7.565218,6.405406,4.646154,7.043478,1.68,1.68,1.6,2.02,,2.13,,2.17,2.08,1.92,1.4,1.51,1.57,1.64,1.68,2.04,2.15,2.15,1.57,2,,1.44,1,1.13,1.81,2.33,2.41,2.67,2.74,2.63,2.74,2.6,3.06,3.57,3.22,3.63,3.22,3.81,3.36,3.66,3.16
806,930,1154,1826,1644,1392,1322,1582,2914,.,1.15,3.714286,4,3.1071435,6,6,6,4.4,8,8,1.9,3.43,3.39,5.45,5.5,5.47,4.7,8.26,7.33,7.12,2.901639,4,3.309524,5.2846155,4.157895,5.8666665,6.927536,6.538462,7.857142,7.4,1.94,2.28,2.39,,2.33,2.36,2.42,2.32,2.36,,1.78,2.27,2.35,2.3,2.4,2.5,2.42,2.33,2.15,2.31,,2.52,1.71,2.67,3.56,5.19,6.93,7.85,8.39,8.33,8.33,3.07,4.26,4.54,4.55,4.6,4.59,4.46,4.93,4.77,4.33
886,728,928,874,714,2246,1282,1378,1640,.,1.15,3.666667,4,3.3,6,6,6,4.4,8,8,1.91,3.03,3.48,4.89,5.06,5.17,4.69,6.91,6.71,6.89,2.461538,2.555556,2.575758,5.9142855,5.013699,5.361111,7.113924,6.62069,5.803922,10.115384,1.85,,,,2.43,2.44,2.41,2.44,2.31,2.36,1.68,2.13,2.34,2.38,2.29,2.43,2.42,2.48,2.38,2.48,,2.24,3.83,5.04,5,4.63,4.93,5.26,5.63,5.81,7.15,3.96,4.07,4.53,4.52,4.37,4.58,4.85,4.29,4.21,4.58
832,1084,1324,1286,1102,1876,1114,1550,2266,.,0.944444,3.5,4,3.3,6,6,6,4.4,8,8,1.88,,3.08,4.11,5.03,4.65,4.72,7.19,6.72,6.39,2.5,3.066667,2.555556,5.4047625,3.8644065,6.734043,7.444444,7.404256,7.272728,7.384616,,,,,,,,,,,1.6,1.98,2.24,2.32,2.33,2.34,2.24,2.22,2.28,2.33,,2.14,3,3.81,3.89,4.11,4.3,4.58,5.26,6.81,7.04,2.43,3.44,3.73,3.75,3.73,3.85,3.92,3.73,3.92,3.81
1036,1160,930,1634,1056,1206,1190,2606,1576,.,1.318182,4,4,3.6176475,6,6,6,4.625,8,8,2.07,3.27,3.46,5.25,5.03,5.33,4.98,6.5,7.44,6.15,3.123077,3.344262,3,5.3181825,3.9166665,5.5982145,5.728396,5.814814,8.711112,7.72093,1.81,2.42,2.36,2.36,,2.5,2.28,2.36,2.28,2.28,1.75,2.05,2.24,2.38,2.23,2.27,2.38,2.36,2.25,2.23,,2.63,3.04,3.78,4.04,5.3,6.15,7.59,8.19,8.54,8.5,3.16,4.07,4.4,4.11,4.23,4.29,4.16,4.44,3.85,4.11
982,742,1074,1004,1260,.,.,.,.,.,1.318182,4,4,3.46875,6,6,6,5,8,8,2.03,3.3,3.36,4.71,4.79,4.61,4.71,7.31,5.9,6.13,2.544304,3.020408,3.55102,4.301205,4.3359375,4.69149,7.567568,5.923076,5.694916,6.8,2.06,2.41,2.36,2.42,2.38,2.5,2.47,2.47,2.43,2.42,1.51,1.95,2.25,2.2,1.97,2.23,2.21,2.23,2.24,2.27,,1.75,1.67,2.3,2.15,1.67,2.37,2.52,2.22,2.41,2.74,3.13,4.2,4.23,3.89,4.1,4.07,3.89,4.04,3.9,3.9
850,682,596,666,450,1288,892,1392,1142,.,1.318182,4,4,3.6176475,6,6,6,4.82353,8,8,1.76,2.3,3.33,4.33,3.94,4.93,4.64,6,5.79,6.1,2.289474,3.169811,2.945455,2.98125,3.91791,3.5526315,5.28,3.070422,4.931034,3.706666,,,,,,,,,,,1.52,1.48,1.41,1.53,1.53,1.57,1.6,1.65,1.83,2.12,,2.08,2.48,2.3,2.37,2.33,1.37,1.85,2.26,2.19,2.04,3.18,3.77,3.7,3.76,3.81,3.76,3.66,3.81,3.8,3.85
742,696,1762,708,1076,1256,2680,662,2108,.,1.434783,4,4,3.6176475,6,6,6,4.82353,8,.,2.03,2.93,3.32,4.46,4.57,4.7,4.25,5.62,5.87,5.82,3.442478,3.510638,2.653061,4.9999995,4.3999995,5.5344825,5.679012,5.607142,4.15625,9.59322,1.83,2.22,2.18,2.28,2.31,2.33,2.41,2.13,2.27,2.39,1.53,1.65,2.01,1.76,2.19,2.23,2.28,2.2,2.16,2.24,2.29,1.76,2.15,3.74,4.22,4.15,3.89,4.44,5.26,5.56,6.52,3.03,3.66,3.8,3.85,3.85,4.06,4.03,3.92,3.92,3.92
376,422,1328,636,784,718,1050,936,1750,.,1.238095,3.833333,4,3.3,6,6,6,4,7.428572,8,1.83,2.97,3.12,4.07,5.02,4.99,4.39,7.54,8.86,7.89,2.2625,2.54902,4.756757,3.3698625,4.0000005,4.2307695,7.958334,6.25,7.235294,4.533334,,,,,,,,,,,1.4,1.7,1.62,1.93,2.23,2.26,2.31,2.37,2.29,2.56,,1.52,1.86,2.17,2.67,2.44,2.71,3.67,4.88,5.26,5.54,2.92,4,3.9,4.33,3.92,3.77,3.83,3.95,4.04,3.85
